147.03,-35.31,110.56,90.0,90.0,90.0,29.97,100.66,62.18,18.07,127.41,57.23,-159.03,kick
-173.8,0.0,90.0,90.0,90.0,90.0,56.5,146.59,149.04,45.36,148.24,153.43,-138.95,kick
-173.8,0.0,90.0,90.0,90.0,90.0,56.5,146.59,41.48,45.36,148.24,153.43,-138.95,kick
-173.8,0.0,90.0,90.0,90.0,90.0,56.5,146.59,41.48,45.36,148.24,41.13,-138.95,kick
169.82,-13.63,178.15,90.0,29.86,168.41,78.41,77.01,66.93,41.12,15.56,42.85,-104.47,kick
169.82,-13.63,178.15,0.0,29.86,168.41,78.41,77.01,66.93,41.12,15.56,42.85,-104.47,kick
169.82,-13.63,178.15,0.0,29.86,168.41,78.41,77.01,102.53,41.12,15.56,42.85,-104.47,kick
169.82,-13.63,178.15,0.0,29.86,168.41,78.41,77.01,102.53,41.12,15.56,-7.25,-104.47,kick
169.82,-13.63,178.15,0.0,29.86,168.41,78.41,77.01,102.53,41.12,15.56,105.1,-104.47,kick
178.75,1.19,158.2,3.81,60.57,-175.85,113.59,123.11,49.33,83.57,90.0,90.0,-135.0,kick
20.56,-159.44,90.0,90.0,90.0,90.0,149.04,34.82,74.58,151.17,31.95,73.3,-2.49,kick
90.0,90.0,66.04,32.83,90.0,90.0,63.27,66.8,90.0,90.0,90.0,90.0,-33.41,kick
90.0,90.0,66.04,32.83,90.0,90.0,63.27,63.8,0.0,90.0,90.0,90.0,-33.41,kick
90.0,90.0,66.04,32.83,90.0,90.0,63.27,63.8,0.0,90.0,66.11,0.0,-33.41,kick
0.0,-135.0,45.0,-5.44,90.0,90.0,140.34,34.11,96.56,145.89,36.67,95.19,9.46,kick
90.0,90.0,90.0,90.0,90.0,90.0,90.0,90.0,90.0,90.0,90.0,90.0,90.0,kick
90.0,90.0,90.0,90.0,90.0,90.0,90.0,90.0,130.67,90.0,90.0,90.0,90.0,kick
90.0,90.0,90.0,90.0,90.0,90.0,90.0,90.0,130.67,90.0,90.0,128.66,90.0,kick
90.0,90.0,90.0,90.0,90.0,90.0,90.0,90.0,130.67,90.0,90.0,128.66,90.0,kick
-178.57,-1.64,147.83,-162.3,19.5,169.38,135.0,96.67,37.38,110.79,132.88,35.89,-159.59,kick
-178.57,-1.64,147.83,-162.3,19.5,169.38,135.0,96.67,37.38,110.79,132.88,137.68,-159.59,kick
180.0,0.0,115.84,90.0,75.68,144.66,127.06,163.16,123.32,93.63,114.96,90.0,-139.71,kick
180.0,0.0,115.84,90.0,75.68,170.07,127.06,163.16,123.32,93.63,114.96,90.0,-139.71,kick
178.53,-10.44,165.96,35.11,34.64,90.0,79.25,80.13,64.4,42.09,26.27,33.69,-104.47,kick
178.53,-10.44,165.96,35.11,34.64,90.0,107.95,80.13,64.4,100.18,132.03,0.0,-104.47,kick
178.53,-10.44,165.96,35.11,34.64,90.0,107.95,80.13,64.4,100.18,132.03,105.33,-104.47,kick
-167.66,12.34,129.99,35.54,90.0,90.0,93.42,90.0,90.0,66.95,90.0,90.0,-22.91,kick
90.0,90.0,90.0,90.0,90.0,90.0,90.0,36.87,27.3,90.0,90.0,90.0,90.0,kick
90.0,90.0,90.0,90.0,90.0,90.0,90.0,36.87,77.12,90.0,90.0,90.0,90.0,kick
90.0,90.0,90.0,90.0,90.0,90.0,90.0,36.87,77.12,90.0,90.0,76.53,90.0,kick
90.0,90.0,90.0,90.0,90.0,90.0,90.0,36.87,77.12,90.0,90.0,30.7,90.0,kick
-172.87,8.43,156.16,90.0,90.0,90.0,91.13,50.19,74.05,59.4,90.0,90.0,-31.12,kick
-172.87,8.43,156.16,90.0,90.0,-165.53,91.13,50.19,74.05,59.4,90.0,90.0,-31.12,kick
-172.87,8.43,156.16,90.0,90.0,-165.53,91.13,27.05,36.03,59.4,90.0,90.0,-31.12,kick
-172.87,8.43,156.16,90.0,90.0,-165.53,91.13,27.05,36.03,59.4,25.25,38.52,-31.12,kick
-159.44,11.31,113.2,68.84,90.0,90.0,102.99,90.0,90.0,71.41,90.0,90.0,-28.5,kick
178.09,-14.04,90.0,90.0,49.4,132.51,90.0,90.0,90.0,90.0,90.0,90.0,-162.78,kick
180.0,-11.59,99.66,102.34,39.09,163.97,67.69,163.07,64.59,39.14,28.44,35.54,-134.09,kick
-9.93,178.49,90.0,90.0,94.92,90.0,80.63,135.0,90.0,97.32,76.5,89.18,-163.57,kick
-170.07,11.59,120.19,62.7,90.0,90.0,93.39,56.89,101.77,67.31,90.0,90.0,-31.1,kick
-170.07,11.59,120.19,62.7,90.0,90.0,93.39,56.89,106.7,67.31,90.0,90.0,-31.1,kick
-170.07,11.59,120.19,62.7,90.0,90.0,93.39,56.89,106.7,67.31,90.0,105.73,-31.1,kick
169.82,-11.59,90.0,0.0,30.19,170.13,78.41,65.7,69.94,41.48,17.77,90.0,-109.8,kick
169.82,-11.59,90.0,0.0,30.19,170.13,78.41,65.7,69.94,41.48,123.88,-15.52,-109.8,kick
-171.53,9.66,80.35,24.44,57.59,90.0,90.0,90.0,90.0,90.0,90.0,90.0,-24.69,kick
-172.65,5.71,90.0,90.0,46.02,90.0,90.0,90.0,90.0,54.63,90.0,90.0,-52.91,kick
-172.65,5.71,90.0,90.0,46.02,90.0,90.0,90.0,90.0,54.63,90.0,6.61,-52.91,kick
173.39,-4.21,75.65,45.0,51.04,114.3,76.07,74.05,90.0,38.41,20.62,90.0,-60.52,kick
173.39,-4.21,75.65,45.0,51.04,114.3,76.07,74.05,90.0,38.41,20.62,15.42,-60.52,kick
-160.11,18.8,174.23,9.8,70.82,-164.74,134.69,90.0,90.0,90.0,90.0,90.0,-100.95,kick
180.0,-41.63,15.74,0.0,90.0,90.0,35.11,90.0,90.0,45.67,90.0,90.0,-41.01,kick
180.0,-41.63,19.77,0.0,90.0,90.0,35.11,90.0,90.0,45.67,90.0,90.0,-41.01,kick
180.0,-41.63,19.77,0.0,90.0,90.0,35.11,90.0,90.0,45.67,90.0,-9.46,-41.01,kick
-166.68,19.75,125.54,69.34,90.0,90.0,98.86,45.0,106.23,73.09,90.0,90.0,-21.67,kick
-166.68,19.75,125.54,69.34,90.0,90.0,98.86,45.0,100.89,73.09,90.0,90.0,-21.67,kick
-166.68,19.75,125.54,69.34,90.0,90.0,98.86,45.0,100.89,73.09,90.0,98.69,-21.67,kick
-172.72,0.0,123.98,72.3,37.75,-14.04,63.43,72.53,119.74,44.59,75.26,130.52,-88.73,kick
152.7,-28.07,22.19,-21.8,24.39,145.18,53.33,68.96,119.41,34.46,90.0,90.0,-56.89,kick
152.7,-28.07,22.19,-21.8,24.39,145.18,53.33,68.96,119.41,34.46,90.0,-0.75,-56.89,kick
160.82,-35.84,55.62,25.6,36.35,38.37,57.82,26.57,95.06,33.97,90.0,90.0,-43.53,kick
-90.0,82.87,90.0,90.0,123.31,164.58,90.0,90.0,90.0,90.0,90.0,90.0,-142.25,kick
-90.0,82.87,90.0,90.0,123.31,164.58,90.0,90.0,90.0,90.0,90.0,49.33,-142.25,kick
-90.0,82.87,90.0,90.0,123.31,164.58,90.0,90.0,90.0,90.0,90.0,143.71,-142.25,kick
178.98,0.0,97.82,0.0,36.03,-9.87,68.57,61.03,122.59,45.41,75.75,132.55,-82.57,kick
159.65,-17.47,90.0,90.0,90.0,90.0,90.0,90.0,90.0,20.05,90.0,90.0,-61.03,kick
159.65,-17.47,90.0,90.0,90.0,90.0,90.0,90.0,97.25,20.05,90.0,90.0,-61.03,kick
172.65,0.0,99.87,116.57,90.0,90.0,90.0,90.0,90.0,69.59,164.16,124.11,-158.84,kick
172.65,0.0,99.87,116.57,90.0,90.0,90.0,90.0,78.79,69.59,164.16,124.11,-158.84,kick
169.16,-19.75,134.09,-15.71,9.56,171.03,36.66,102.7,48.43,14.79,90.0,90.0,-155.7,kick
180.0,19.18,165.75,180.0,67.31,114.19,129.54,170.34,167.58,101.59,116.08,38.16,-155.43,kick
174.37,0.0,117.86,160.11,75.68,147.65,111.89,173.84,90.0,90.0,90.0,90.0,-139.6,kick
35.71,-142.52,66.11,90.0,-177.06,90.0,90.0,90.0,90.0,90.0,90.0,90.0,-15.26,kick
35.71,-142.52,66.11,37.75,-177.06,90.0,90.0,90.0,90.0,90.0,90.0,90.0,-15.26,kick
35.71,-142.52,66.11,37.75,-177.06,90.0,90.0,90.0,90.0,90.0,90.0,-8.43,-15.26,kick
-170.54,8.58,123.5,75.58,90.0,90.0,90.0,90.0,90.0,74.17,90.0,90.0,-23.84,kick
-174.12,-1.02,90.0,50.53,90.0,90.0,80.41,100.3,90.0,49.81,27.25,24.39,-29.9,kick
-174.12,-1.02,90.0,50.53,90.0,90.0,80.41,100.3,107.45,49.81,27.25,24.39,-29.9,kick
-174.12,-1.02,90.0,50.53,90.0,90.0,80.41,100.3,107.45,49.81,27.25,106.63,-29.9,kick
164.05,-7.13,118.61,36.49,90.0,90.0,90.0,90.0,90.0,90.0,90.0,90.0,-28.14,kick
164.05,-7.13,118.61,36.49,90.0,90.0,90.0,39.47,90.0,90.0,90.0,90.0,-28.14,kick
164.05,-7.13,118.61,36.49,90.0,90.0,90.0,39.47,109.2,90.0,90.0,90.0,-28.14,kick
164.05,-7.13,118.61,36.49,90.0,90.0,90.0,39.47,109.2,90.0,41.07,-8.28,-28.14,kick
90.0,90.0,90.0,90.0,90.0,90.0,90.0,5.31,12.26,90.0,90.0,90.0,90.0,kick
90.0,90.0,90.0,90.0,90.0,90.0,90.0,5.31,12.26,90.0,90.0,9.93,90.0,kick
180.0,-2.73,90.0,90.0,65.31,138.96,90.0,90.0,90.0,90.0,90.0,90.0,-166.76,kick
180.0,-2.73,90.0,90.0,65.31,138.96,90.0,90.0,128.16,90.0,90.0,90.0,-166.76,kick
180.0,-2.73,90.0,90.0,65.31,138.96,90.0,90.0,128.16,90.0,90.0,135.0,-166.76,kick
8.47,-170.34,29.41,90.0,166.11,90.0,82.15,62.97,76.46,108.87,90.0,90.0,-29.12,kick
8.47,-170.34,29.41,90.0,166.11,-166.87,82.15,62.97,76.46,108.87,90.0,90.0,-29.12,kick
8.47,-170.34,29.41,90.0,166.11,-166.87,82.15,-3.42,52.35,108.87,90.0,90.0,-29.12,kick
8.47,-170.34,29.41,90.0,166.11,-166.87,82.15,-3.42,52.35,108.87,90.0,57.72,-29.12,kick
90.0,90.0,90.0,90.0,90.0,90.0,90.0,90.0,100.84,90.0,90.0,90.0,90.0,kick
90.0,90.0,90.0,90.0,90.0,90.0,90.0,90.0,100.84,90.0,90.0,-1.06,90.0,kick
90.0,90.0,90.0,90.0,90.0,90.0,90.0,90.0,100.84,90.0,90.0,106.59,90.0,kick
169.56,-11.59,150.26,-161.57,18.8,90.0,110.35,89.34,90.0,86.31,134.33,90.0,-147.72,shoot
180.0,-1.43,87.92,48.96,8.28,0.0,93.21,90.0,90.0,68.45,90.0,90.0,-33.69,shoot
180.0,-1.43,87.92,48.96,8.28,0.0,93.21,90.0,79.94,68.45,90.0,90.0,-33.69,shoot
180.0,-1.43,87.92,48.96,8.28,0.0,93.21,90.0,91.19,68.45,90.0,90.0,-33.69,shoot
180.0,-1.43,87.92,48.96,8.28,0.0,93.21,90.0,91.19,68.45,90.0,79.22,-33.69,shoot
180.0,-1.43,87.92,48.96,8.28,0.0,93.21,90.0,91.19,68.45,90.0,76.53,-33.69,shoot
180.0,-1.43,87.92,48.96,8.28,0.0,93.21,90.0,91.19,68.45,90.0,97.39,-33.69,shoot
90.0,90.0,90.0,90.0,90.0,90.0,90.0,90.0,90.0,90.0,90.0,90.0,90.0,shoot
174.07,-13.6,104.25,62.93,60.59,49.9,97.74,91.66,90.0,59.93,111.93,90.0,-88.53,shoot
174.07,-13.6,104.25,62.93,60.59,-7.22,97.74,91.66,90.0,59.93,111.93,90.0,-88.53,shoot
178.09,90.0,8.58,-9.46,90.0,90.0,97.82,67.09,66.04,43.23,57.17,59.35,-34.82,shoot
178.09,90.0,4.09,-9.46,90.0,90.0,97.82,67.09,66.04,43.23,57.17,59.35,-34.82,shoot
178.09,90.0,4.09,-9.46,90.0,-106.26,97.82,67.09,66.04,43.23,57.17,59.35,-34.82,shoot
178.09,90.0,4.09,-9.46,90.0,-106.26,97.82,67.09,66.04,43.23,57.17,57.99,-34.82,shoot
-1.04,172.72,90.0,90.0,-176.33,176.63,90.41,73.78,90.0,112.15,90.0,90.0,-147.17,shoot
90.0,90.0,90.0,90.0,90.0,90.0,90.0,90.0,90.0,90.0,90.0,90.0,90.0,shoot
177.71,-14.04,153.81,90.0,146.86,-172.71,90.0,90.0,90.0,61.34,127.36,90.0,-166.72,shoot
177.71,-14.04,153.81,90.0,146.86,-169.25,90.0,90.0,90.0,61.34,127.36,90.0,-166.72,shoot
177.71,-14.04,153.81,90.0,146.86,-169.25,90.0,90.0,66.93,61.34,127.36,90.0,-166.72,shoot
177.71,-14.04,153.81,90.0,146.86,-169.25,90.0,90.0,66.93,61.34,127.36,90.0,-166.72,shoot
90.0,-13.67,90.0,90.0,90.0,90.0,90.0,90.0,90.0,90.0,90.0,90.0,-145.15,shoot
90.0,-13.67,90.0,90.0,90.0,90.0,90.0,90.0,116.1,90.0,90.0,90.0,-145.15,shoot
90.0,-13.67,90.0,90.0,90.0,90.0,90.0,90.0,116.1,90.0,45.0,133.53,-145.15,shoot
3.18,-178.45,6.52,90.0,90.0,90.0,66.18,90.0,82.87,84.63,72.55,72.65,-19.61,shoot
3.18,-178.45,6.52,90.0,90.0,90.0,66.18,90.0,80.07,84.63,72.55,72.65,-19.61,shoot
3.18,-178.45,6.52,90.0,90.0,90.0,66.18,90.0,80.07,84.63,80.91,72.65,-19.61,shoot
-178.26,-1.47,164.48,178.75,149.47,-170.31,122.47,115.11,99.13,85.76,90.74,90.0,-131.35,shoot
-178.26,-1.47,164.48,178.75,149.47,176.15,122.47,115.11,99.13,85.76,90.74,90.0,-131.35,shoot
-172.61,1.04,-172.61,-0.92,71.2,80.34,117.67,90.0,83.76,76.39,107.7,95.78,-101.89,shoot
180.0,-5.44,106.22,61.39,6.44,90.0,100.23,89.35,90.0,66.86,115.46,90.0,-52.22,shoot
90.0,90.0,12.96,90.0,90.0,90.0,90.0,90.0,90.0,90.0,90.0,90.0,90.0,shoot
90.0,90.0,12.96,90.0,90.0,90.0,90.0,58.93,90.0,90.0,90.0,90.0,90.0,shoot
90.0,90.0,12.96,90.0,90.0,90.0,90.0,-20.06,90.0,90.0,90.0,90.0,90.0,shoot
90.0,90.0,12.96,90.0,90.0,90.0,90.0,-20.06,90.0,90.0,16.5,-12.4,90.0,shoot
90.0,90.0,12.96,90.0,90.0,90.0,90.0,-20.06,90.0,90.0,16.5,-17.7,90.0,shoot
90.0,-7.35,90.0,90.0,6.01,2.07,90.0,90.0,90.0,90.0,90.0,90.0,-38.26,shoot
90.0,-7.35,90.0,90.0,6.01,0.94,90.0,90.0,90.0,90.0,90.0,90.0,-38.26,shoot
-173.56,0.0,163.5,90.0,39.52,103.39,123.47,113.2,90.0,76.61,88.21,90.0,-133.75,shoot
-173.56,0.0,163.5,-176.31,39.52,103.39,123.47,113.2,90.0,76.61,88.21,90.0,-133.75,shoot
-173.56,0.0,163.5,-172.65,39.52,103.39,123.47,113.2,90.0,76.61,88.21,90.0,-133.75,shoot
173.33,-8.28,90.0,90.0,0.0,-5.42,86.34,85.14,47.39,48.95,53.9,90.0,-64.4,shoot
173.33,-8.28,90.0,90.0,0.0,-5.78,86.34,85.14,47.39,48.95,53.9,90.0,-64.4,shoot
-171.35,0.0,3.01,-5.06,90.0,90.0,96.74,66.8,111.8,72.58,111.67,106.7,-43.78,shoot
-171.35,0.0,3.01,-5.06,90.0,90.0,96.74,109.54,113.57,72.58,111.67,106.7,-43.78,shoot
-171.35,0.0,3.01,-5.06,90.0,90.0,96.74,109.54,113.57,72.58,64.54,106.7,-43.78,shoot
180.0,90.0,8.39,-12.99,90.0,90.0,99.46,71.32,67.31,90.0,90.0,90.0,-45.0,shoot
180.0,90.0,7.13,-12.99,90.0,90.0,99.46,71.32,67.31,90.0,90.0,90.0,-45.0,shoot
180.0,90.0,7.13,-12.99,90.0,90.0,99.46,71.32,67.31,90.0,57.59,53.58,-45.0,shoot
180.0,90.0,7.13,-12.99,90.0,90.0,99.46,71.32,67.31,90.0,57.59,66.04,-45.0,shoot
-170.34,9.87,169.38,-1.19,0.92,-159.44,116.36,95.47,90.0,78.08,114.98,125.54,-65.7,shoot
-170.34,9.87,169.38,-2.39,0.92,-159.44,116.36,95.47,90.0,78.08,114.98,125.54,-65.7,shoot
-1.04,173.8,90.0,90.0,168.0,166.4,71.04,90.0,90.0,90.0,90.0,90.0,-164.95,shoot
90.0,90.0,6.01,90.0,90.0,90.0,90.0,90.0,90.0,90.0,90.0,90.0,90.0,shoot
90.0,90.0,6.01,90.0,90.0,90.0,90.0,90.0,90.0,90.0,90.0,90.0,90.0,shoot
90.0,90.0,6.01,90.0,90.0,90.0,90.0,90.0,-24.88,90.0,90.0,90.0,90.0,shoot
90.0,90.0,6.01,90.0,90.0,90.0,90.0,90.0,-24.88,90.0,80.91,53.13,90.0,shoot
90.0,90.0,6.01,90.0,90.0,90.0,90.0,90.0,-24.88,90.0,80.91,53.13,90.0,shoot
179.18,-6.55,92.12,59.81,15.0,90.0,94.36,98.53,77.28,62.33,113.07,90.0,-40.18,shoot
174.37,0.0,104.04,59.57,7.13,90.0,95.71,90.0,90.0,69.04,90.0,90.0,-45.74,shoot
179.18,0.0,90.0,90.0,7.33,90.0,90.0,90.0,90.0,90.0,90.0,90.0,-143.86,shoot
179.18,0.0,90.0,90.0,7.33,90.0,90.0,90.0,-179.08,90.0,90.0,90.0,-143.86,shoot
-178.21,0.0,0.52,-1.64,90.0,90.0,94.72,65.07,111.43,54.89,90.0,90.0,-41.01,shoot
-178.21,0.0,0.52,-1.64,90.0,90.0,94.72,65.07,111.43,54.89,64.89,102.14,-41.01,shoot
-178.21,0.0,0.52,-1.64,90.0,90.0,94.72,65.07,111.43,54.89,111.04,102.14,-41.01,shoot
90.0,90.0,90.0,90.0,90.0,90.0,90.0,90.0,89.09,90.0,90.0,90.0,90.0,shoot
178.73,-7.13,90.0,90.0,22.32,0.0,119.16,110.85,91.04,73.44,69.96,90.0,-59.62,shoot
178.73,-7.13,90.0,-8.97,22.32,0.0,119.16,110.85,91.04,73.44,69.96,90.0,-59.62,shoot
180.0,0.0,-166.18,-19.57,59.47,78.41,110.41,95.71,90.0,70.39,116.86,112.31,-90.0,shoot
180.0,0.0,-166.18,-19.57,59.47,78.41,110.41,95.71,98.28,70.39,116.86,112.31,-90.0,shoot
180.0,0.0,-166.18,-19.57,59.47,78.41,110.41,95.71,98.28,70.39,116.86,99.29,-90.0,shoot
-1.51,170.07,90.0,90.0,90.0,90.0,68.89,90.0,90.0,90.0,90.0,90.0,-146.86,shoot
-1.51,170.07,90.0,90.0,3.01,176.99,68.89,90.0,90.0,90.0,90.0,90.0,-146.86,shoot
-1.51,170.07,90.0,90.0,3.01,90.0,68.89,90.0,90.0,90.0,90.0,90.0,-146.86,shoot
90.0,-13.32,90.0,90.0,7.33,-0.43,90.0,90.0,90.0,59.25,45.52,61.5,-37.75,shoot
90.0,-13.32,90.0,90.0,7.33,-9.69,90.0,90.0,90.0,59.25,45.52,61.5,-37.75,shoot
90.0,-13.32,90.0,90.0,7.33,-9.69,90.0,90.0,82.61,59.25,45.52,61.5,-37.75,shoot
90.0,-13.32,90.0,90.0,7.33,-9.69,90.0,90.0,82.61,59.25,62.14,61.5,-37.75,shoot
175.35,-5.71,89.28,51.71,3.61,-3.01,93.18,81.42,102.36,59.97,100.62,113.63,-56.31,shoot
90.0,90.0,2.36,90.0,90.0,90.0,90.0,90.0,90.0,90.0,90.0,90.0,90.0,shoot
90.0,90.0,2.36,90.0,90.0,90.0,68.91,90.0,90.0,89.58,90.0,90.0,-38.96,shoot
-178.12,-1.04,8.39,-13.32,26.57,-44.26,98.43,81.03,90.0,60.75,70.24,90.0,-57.38,shoot
180.0,0.0,90.0,90.0,66.43,68.2,111.46,90.0,90.0,90.0,90.0,90.0,-39.69,shoot
180.0,7.13,90.0,90.0,71.15,116.57,122.43,90.0,79.34,84.69,88.94,110.06,-140.79,shoot
173.76,-7.47,116.2,64.75,5.53,-10.18,98.79,90.67,90.0,62.08,111.18,90.0,-56.31,shoot
173.66,0.0,3.25,-0.92,90.0,90.0,82.23,90.0,90.0,39.55,50.09,68.84,90.0,shoot
173.66,0.0,-5.13,-0.92,90.0,90.0,82.23,90.0,90.0,39.55,50.09,68.84,90.0,shoot
173.66,0.0,-5.13,-0.92,90.0,90.0,82.23,90.0,90.0,39.55,50.09,68.84,90.0,shoot
180.0,-6.34,94.86,83.66,8.28,5.53,99.14,90.0,90.0,73.26,90.0,90.0,-57.72,shoot
90.0,90.0,90.0,-6.52,90.0,90.0,90.0,90.0,90.0,90.0,90.0,90.0,90.0,shoot
90.0,90.0,90.0,-6.52,90.0,90.0,90.0,90.0,90.0,90.0,51.84,90.0,90.0,shoot
90.0,90.0,90.0,-6.52,90.0,90.0,90.0,90.0,90.0,90.0,51.84,90.0,90.0,shoot
90.0,90.0,90.0,-6.52,90.0,90.0,90.0,90.0,90.0,90.0,51.84,90.0,90.0,shoot
90.0,90.0,90.0,-2.99,90.0,90.0,90.0,90.0,90.0,90.0,90.0,90.0,90.0,shoot
90.0,90.0,90.0,-4.4,90.0,90.0,90.0,90.0,90.0,90.0,90.0,90.0,90.0,shoot
90.0,90.0,90.0,-4.4,90.0,-0.9,90.0,90.0,90.0,90.0,90.0,90.0,90.0,shoot
90.0,90.0,90.0,-4.4,90.0,-0.9,90.0,90.0,90.0,90.0,90.0,90.0,90.0,shoot
175.1,-7.35,119.74,63.92,-4.2,-7.24,101.92,90.0,90.0,62.7,110.41,90.0,-88.53,shoot
-33.11,152.1,5.25,90.0,164.91,-174.14,38.33,90.0,90.0,70.29,146.87,90.0,178.53,shoot
170.54,-7.52,53.58,-13.72,90.0,90.0,93.65,84.16,90.0,90.0,90.0,90.0,-14.93,shoot
170.54,-7.52,53.58,-13.72,90.0,90.0,93.65,84.16,95.71,90.0,90.0,90.0,-14.93,shoot
170.54,-7.52,53.58,-13.72,90.0,90.0,93.65,84.16,0.74,90.0,90.0,90.0,-14.93,shoot
170.54,-7.52,53.58,-13.72,90.0,90.0,93.65,84.16,0.74,90.0,90.0,1.47,-14.93,shoot
-178.09,90.0,90.0,90.0,90.0,90.0,90.0,90.0,90.0,90.0,90.0,90.0,-21.22,shoot
-178.09,90.0,90.0,90.0,90.0,90.0,90.0,90.0,105.52,90.0,90.0,90.0,-21.22,shoot
-178.09,90.0,90.0,90.0,90.0,90.0,90.0,90.0,105.52,90.0,90.0,106.22,-21.22,shoot
150.71,-14.93,24.93,-21.61,8.13,9.93,87.42,84.75,90.0,43.36,90.0,90.0,-61.19,shoot
150.71,-14.93,24.93,-17.18,8.13,9.93,87.42,84.75,90.0,43.36,90.0,90.0,-61.19,shoot
150.71,-14.93,24.93,-17.18,8.13,9.93,87.42,84.75,-15.1,43.36,90.0,90.0,-61.19,shoot
180.0,5.63,102.14,90.0,90.0,90.0,108.95,90.0,90.0,90.0,90.0,90.0,-138.47,shoot
180.0,5.63,102.14,90.0,16.5,165.47,108.95,90.0,90.0,90.0,90.0,90.0,-138.47,shoot
-173.33,5.19,-174.45,172.61,82.6,107.35,90.0,90.0,90.0,90.0,90.0,90.0,-116.57,shoot
179.32,0.66,99.76,45.0,90.0,90.0,106.91,116.57,77.7,68.1,74.36,96.01,-45.0,normal
174.87,-0.74,164.26,90.0,13.93,90.0,105.84,90.0,90.0,63.43,68.96,90.0,-116.2,normal
176.31,4.29,103.61,90.0,78.85,74.29,107.38,90.0,90.0,71.92,85.45,90.0,-48.37,normal
-6.34,172.65,79.82,90.0,110.41,143.84,68.84,47.73,51.43,104.7,90.0,90.0,-151.7,normal
6.67,-173.56,84.87,90.0,174.56,90.0,73.22,84.81,90.0,115.18,90.0,90.0,90.0,normal
6.67,-173.56,84.87,90.0,174.56,90.0,73.22,84.81,90.0,115.18,90.0,90.0,90.0,normal
180.0,0.0,98.37,37.87,76.4,108.06,107.33,43.15,89.27,74.38,90.0,95.78,-107.7,normal
175.56,-5.13,90.0,90.0,7.39,85.73,90.0,90.0,90.0,90.0,90.0,90.0,-116.93,normal
175.56,-5.13,90.0,90.0,7.39,82.0,90.0,90.0,90.0,90.0,90.0,90.0,-116.93,normal
-41.19,135.0,90.0,90.0,80.36,90.0,70.39,90.0,90.0,80.84,133.42,90.0,90.0,normal
-16.19,170.13,90.0,90.0,105.1,86.99,78.69,90.0,90.0,107.85,74.86,90.0,-144.67,normal
180.0,6.61,116.93,61.48,60.1,125.54,94.68,110.56,101.89,69.75,45.0,20.85,-46.85,normal
180.0,6.61,116.93,61.48,60.1,125.54,94.68,110.56,114.84,69.75,45.0,20.85,-46.85,normal
180.0,6.61,116.93,61.48,60.1,125.54,94.68,110.56,114.84,69.75,45.0,104.47,-46.85,normal
180.0,6.61,116.93,61.48,60.1,125.54,94.68,110.56,114.84,69.75,45.0,89.2,-46.85,normal
180.0,0.0,107.99,96.01,61.84,90.0,118.47,90.0,90.0,90.0,90.0,90.0,-95.19,normal
-172.81,-6.44,115.07,101.07,84.87,133.49,103.12,90.0,90.0,86.58,82.65,88.85,-141.52,normal
-172.87,3.01,115.07,101.07,84.87,133.49,102.2,74.58,90.0,81.72,82.65,88.85,-105.52,normal
179.39,0.0,106.9,80.54,72.98,81.42,109.46,90.0,90.0,66.42,90.0,90.0,-56.52,normal
176.01,0.0,110.25,29.74,85.43,124.99,113.36,82.68,90.0,76.07,90.0,90.0,-81.74,normal
-4.34,-175.79,65.04,-165.53,122.43,90.0,65.87,77.47,79.59,124.32,97.52,101.31,90.0,normal
-4.34,-175.79,65.04,-165.53,122.43,90.0,65.87,77.47,107.95,124.32,97.52,101.31,90.0,normal
176.28,4.04,111.57,86.63,62.85,119.43,110.63,90.0,90.0,90.0,90.0,90.0,-98.28,normal
180.0,0.0,98.28,49.6,61.03,70.43,98.86,107.95,90.0,64.07,105.75,90.0,-39.69,normal
-171.57,9.29,90.0,90.0,90.0,64.8,108.95,90.0,90.0,79.35,90.0,90.0,-53.3,normal
175.46,0.0,127.79,46.22,43.53,142.25,99.87,35.33,90.0,67.77,135.74,119.74,-78.02,normal
8.43,-172.65,88.53,91.85,98.37,90.0,76.47,97.47,90.0,103.12,90.0,90.0,-36.34,normal
180.0,-6.43,159.96,90.0,12.79,145.8,105.83,90.0,90.0,62.62,71.03,90.0,-97.13,normal
90.0,180.0,90.0,90.0,90.0,90.0,36.14,89.2,68.84,40.01,84.37,68.84,90.0,normal
90.0,90.0,118.78,69.72,90.0,90.0,90.0,90.0,90.0,90.0,90.0,90.0,90.0,normal
-3.95,164.36,90.0,90.0,107.7,135.0,64.31,90.0,90.0,96.71,126.72,90.0,-156.97,normal
-3.95,164.36,90.0,90.0,107.7,135.0,64.31,99.93,97.35,96.71,126.72,90.0,-156.97,normal
-3.95,164.36,90.0,90.0,107.7,135.0,64.31,99.93,97.35,96.71,91.43,97.35,-156.97,normal
180.0,0.0,113.2,90.0,45.0,96.24,114.95,104.47,90.0,70.78,90.0,108.7,-90.0,normal
180.0,-5.44,107.95,92.49,59.35,115.56,103.82,70.82,169.38,72.52,85.6,90.0,-144.46,normal
180.0,0.0,63.92,-0.73,39.56,90.0,103.42,96.98,104.04,77.83,0.0,122.83,-41.55,normal
180.0,0.0,63.92,-0.73,62.7,43.73,103.42,96.98,104.04,77.83,0.0,122.83,-41.55,normal
180.0,0.0,63.92,-0.73,62.7,43.73,103.42,96.98,82.61,77.83,0.0,122.83,-41.55,normal
180.0,0.0,63.92,-0.73,62.7,43.73,103.42,96.98,82.61,77.83,0.0,88.92,-41.55,normal
-178.94,1.06,146.59,21.37,66.61,90.0,108.07,79.0,90.0,65.51,85.4,41.63,-104.04,normal
-178.94,1.06,146.59,21.37,66.61,90.0,108.07,79.0,80.1,65.51,85.4,41.63,-104.04,normal
-178.94,1.06,146.59,21.37,66.61,90.0,108.07,79.0,80.1,65.51,85.4,80.1,-104.04,normal
180.0,6.44,90.0,90.0,63.07,90.0,90.0,90.0,90.0,57.83,128.66,106.5,-27.73,normal
175.29,0.0,96.34,60.71,54.87,88.81,98.87,72.05,90.0,69.39,76.37,96.55,-98.47,normal
180.0,0.0,150.26,60.71,77.47,88.81,127.41,180.0,90.0,86.82,76.37,96.55,-130.6,normal
180.0,0.82,99.46,112.83,77.12,136.22,113.77,88.57,81.53,75.74,62.7,64.31,-125.84,normal
5.31,-173.66,79.25,90.0,90.0,90.0,67.17,84.87,90.0,90.0,90.0,90.0,90.0,normal
180.0,1.04,144.66,8.13,114.62,-177.92,112.11,66.54,88.78,75.96,81.57,90.0,-128.29,normal
-178.78,6.34,123.5,90.0,94.86,139.6,90.0,90.0,90.0,90.0,90.0,90.0,-149.25,normal
-178.78,6.34,123.5,90.0,94.86,139.6,90.0,90.0,61.56,90.0,90.0,90.0,-149.25,normal
-178.78,6.34,123.5,90.0,94.86,139.6,90.0,90.0,61.56,90.0,90.0,90.0,-149.25,normal
179.4,0.0,110.26,91.19,76.74,180.0,111.45,90.0,90.0,90.0,90.0,90.0,-97.13,normal
-172.01,0.0,113.07,53.71,80.54,78.69,109.98,73.41,82.67,72.45,108.43,107.45,-46.47,normal
8.28,-167.07,76.94,75.96,90.0,90.0,90.0,90.0,90.0,113.04,90.0,90.0,-32.57,normal
7.99,-179.05,86.58,55.18,90.0,90.0,90.0,90.0,90.0,90.0,90.0,90.0,-26.98,normal
90.0,90.0,15.68,90.0,90.0,90.0,90.0,90.0,90.0,90.0,90.0,90.0,90.0,normal
90.0,90.0,15.68,90.0,90.0,180.0,90.0,90.0,90.0,90.0,90.0,90.0,90.0,normal
180.0,-4.26,90.0,90.0,69.38,104.93,112.59,90.0,90.0,90.0,90.0,90.0,-83.42,normal
180.0,-4.26,90.0,90.0,69.38,104.93,112.59,90.0,90.0,90.0,90.0,90.0,-83.42,normal
180.0,26.57,90.0,90.0,90.0,90.0,90.0,90.0,90.0,90.0,90.0,90.0,-82.87,normal
-173.56,8.13,94.15,34.85,74.86,46.85,90.0,90.0,90.0,72.6,90.0,90.0,-36.22,normal
171.87,-7.35,100.54,100.08,12.7,120.53,102.79,90.0,90.0,90.0,90.0,90.0,-138.89,normal
171.87,-7.35,100.54,100.08,12.7,120.53,102.79,90.0,90.0,90.0,116.57,90.0,-138.89,normal
180.0,0.0,90.0,90.0,61.76,87.51,101.51,90.0,90.0,81.14,106.23,22.17,-119.9,normal
180.0,0.56,110.85,65.77,61.76,87.51,97.31,97.13,90.0,74.12,106.23,22.17,-45.74,normal
-178.21,0.0,145.75,0.0,135.0,178.78,110.85,69.9,100.18,84.69,90.0,92.12,-141.52,normal
-177.4,8.33,90.0,90.0,0.0,90.0,102.41,73.57,90.0,80.45,90.0,90.0,-133.15,slap
-177.4,8.33,90.0,90.0,165.3,90.0,102.41,73.57,90.0,80.45,90.0,90.0,-133.15,slap
-177.4,8.33,90.0,90.0,165.3,-179.19,102.41,73.57,90.0,80.45,90.0,90.0,-133.15,slap
-177.4,8.33,90.0,90.0,165.3,-179.19,102.41,113.63,84.45,80.45,90.0,90.0,-133.15,slap
-177.4,8.33,90.0,90.0,165.3,-179.19,102.41,113.63,84.45,80.45,61.99,74.48,-133.15,slap
179.08,0.0,150.95,45.0,26.81,-19.18,105.95,90.0,98.13,67.32,76.69,90.0,-119.9,slap
-179.27,-0.81,165.03,-157.69,26.19,97.24,105.3,100.08,90.0,66.64,85.96,90.0,-91.19,slap
90.0,90.0,90.0,90.0,90.0,90.0,90.0,90.0,90.0,90.0,74.12,90.0,90.0,slap
90.0,90.0,90.0,90.0,90.0,90.0,90.0,90.0,90.0,90.0,74.12,90.0,90.0,slap
-171.7,-7.43,121.68,129.37,-1.22,142.25,119.61,107.47,110.85,63.92,79.38,78.16,-51.52,slap
90.0,90.0,90.0,90.0,8.35,90.0,90.0,90.0,90.0,90.0,90.0,90.0,90.0,slap
90.0,90.0,90.0,90.0,8.35,90.0,85.8,72.9,90.0,102.02,64.01,90.0,-45.0,slap
90.0,90.0,90.0,90.0,8.35,90.0,85.8,72.9,90.0,102.02,49.99,90.0,-45.0,slap
180.0,0.0,160.82,90.0,24.65,-14.97,107.07,90.94,104.28,70.2,14.04,90.0,-90.0,slap
180.0,0.0,90.0,90.0,90.0,90.0,108.02,90.0,90.0,71.93,90.0,90.0,-126.53,slap
180.0,1.04,159.59,-135.0,33.41,134.26,110.74,94.35,127.87,68.1,71.57,77.99,-88.53,slap
-178.53,7.25,88.57,-41.01,71.2,88.53,116.77,96.23,91.04,80.62,106.7,96.43,-76.37,slap
180.0,14.53,90.0,90.0,-10.05,-36.03,90.0,90.0,90.0,90.0,90.0,90.0,-22.83,slap
180.0,14.53,90.0,90.0,-10.05,-36.03,90.0,90.0,90.0,90.0,45.0,90.0,-22.83,slap
-175.1,0.0,176.67,-134.06,27.15,116.57,111.3,91.02,90.0,90.0,90.0,90.0,-91.06,slap
90.0,180.0,90.0,90.0,-174.29,90.0,90.0,90.0,90.0,105.17,90.0,90.0,-148.36,slap
90.0,180.0,90.0,90.0,72.05,104.47,90.0,90.0,90.0,105.17,90.0,90.0,-148.36,slap
-179.08,0.91,102.53,7.31,24.19,-9.29,106.62,114.3,90.0,63.8,99.09,90.0,-57.14,slap
-179.08,0.91,102.53,7.31,24.19,-9.29,106.62,114.3,90.0,63.8,99.09,90.0,-57.14,slap
-179.08,0.91,102.53,7.31,24.19,-9.29,106.62,114.3,90.0,63.8,99.09,90.0,-57.14,slap
180.0,0.0,153.8,-150.59,73.5,112.69,107.42,60.14,98.65,76.63,60.71,90.82,-134.12,slap
143.13,-8.13,90.0,90.0,81.87,167.47,95.19,146.31,98.65,72.35,41.63,53.13,-97.13,slap
177.06,-11.31,124.56,-9.66,14.47,90.0,89.51,90.0,90.0,71.85,79.16,65.74,-143.43,slap
177.06,-11.31,124.56,-1.08,14.47,90.0,89.51,90.0,90.0,71.85,79.16,65.74,-143.43,slap
177.06,-11.31,124.56,-154.18,14.47,90.0,89.51,90.0,90.0,71.85,79.16,65.74,-143.43,slap
177.06,-11.31,124.56,-154.18,14.47,90.0,89.51,95.0,90.0,71.85,79.16,65.74,-143.43,slap
180.0,7.39,175.7,-172.09,0.91,105.8,90.0,90.0,90.0,69.61,90.0,90.0,-135.0,slap
180.0,7.39,175.7,-165.2,0.91,105.8,90.0,90.0,90.0,69.61,90.0,90.0,-135.0,slap
180.0,-0.81,164.86,-158.33,33.25,62.95,107.58,115.08,130.52,45.0,107.35,105.33,-146.31,slap
8.13,-178.75,20.29,-12.83,90.0,90.0,62.95,96.5,5.19,90.4,90.0,90.0,-26.08,slap
8.13,-178.75,20.29,-12.83,90.0,90.0,62.95,96.5,5.19,90.4,102.14,13.6,-26.08,slap
1.74,-170.13,90.0,90.0,165.19,-163.37,76.63,73.1,90.0,114.49,71.81,75.53,90.0,slap
1.74,13.63,90.0,90.0,34.26,179.43,117.9,73.1,90.0,94.53,94.29,75.53,-90.0,slap
180.0,-12.72,22.23,-17.95,61.16,52.25,85.64,61.7,83.56,63.85,117.05,88.12,-40.29,slap
180.0,-12.72,22.23,-17.95,61.16,52.25,85.64,61.7,102.7,63.85,117.05,88.12,-40.29,slap
180.0,-12.72,22.23,-17.95,61.16,52.25,85.64,61.7,102.7,63.85,117.05,101.59,-40.29,slap
180.0,1.06,163.11,172.41,34.25,136.51,110.92,94.86,135.0,68.59,76.11,64.98,-88.49,slap
173.66,-1.04,165.75,166.18,5.44,90.0,90.0,90.0,90.0,90.0,90.0,90.0,-142.13,slap
173.66,-1.04,165.75,166.18,5.44,128.96,90.0,90.0,90.0,90.0,90.0,90.0,-142.13,slap
174.37,-6.24,115.14,121.18,11.47,-8.47,97.18,76.25,90.0,63.8,89.45,90.0,-98.43,slap
174.37,-6.24,115.14,121.18,157.69,-131.63,97.18,76.25,90.0,63.8,89.45,90.0,-98.43,slap
174.37,-6.24,115.14,121.18,157.69,-131.63,129.09,76.25,90.0,117.68,89.45,90.0,-98.43,slap
180.0,-6.34,153.43,70.11,12.09,-21.93,105.36,90.0,90.0,67.38,90.0,90.0,-99.66,slap
179.26,-7.32,91.67,32.01,0.92,90.0,90.0,90.0,90.0,90.0,90.0,90.0,-47.35,slap
179.26,-7.32,91.67,32.01,0.92,-12.8,90.0,90.0,90.0,90.0,90.0,90.0,-47.35,slap
179.26,-7.32,91.67,32.01,0.92,-20.9,90.0,90.0,90.0,90.0,90.0,90.0,-47.35,slap
-161.57,6.61,167.7,90.0,90.0,90.0,90.0,90.0,90.0,90.0,90.0,90.0,-143.89,slap
180.0,0.0,116.57,135.0,22.31,-153.07,115.17,107.35,121.1,67.25,72.82,82.75,-57.34,slap
-179.19,4.46,104.25,107.7,144.58,-144.29,108.58,58.67,76.53,65.44,80.71,98.28,-102.68,slap
-179.09,-0.83,168.41,90.0,41.04,69.72,110.61,122.55,130.43,90.0,90.0,90.0,-144.93,slap
180.0,1.06,-165.53,-154.89,44.54,134.08,102.96,78.07,90.0,70.54,90.0,90.0,-142.35,slap
-172.57,7.24,-170.54,90.0,76.18,17.77,90.0,90.0,90.0,72.67,41.13,90.0,-23.57,slap
180.0,0.0,90.0,90.0,90.0,90.0,102.34,90.0,90.0,78.02,90.0,90.0,-90.0,slap
180.0,0.0,97.24,51.44,30.96,-16.21,95.86,90.0,90.0,67.53,90.0,90.0,-32.01,slap
11.31,-171.72,7.02,90.0,90.0,90.0,90.0,90.0,90.0,108.87,90.0,90.0,-56.07,slap
11.31,-171.72,7.02,-156.37,90.0,90.0,90.0,90.0,90.0,108.87,90.0,90.0,-56.07,slap
11.31,-171.72,7.02,-156.37,90.0,90.0,90.0,111.48,107.35,108.87,90.0,90.0,-56.07,slap
11.31,-171.72,7.02,-156.37,90.0,90.0,90.0,111.48,107.35,108.87,113.57,106.8,-56.07,slap
-178.81,-1.51,21.22,-20.35,38.0,90.0,93.61,49.82,83.66,64.27,90.0,90.0,-39.69,slap
-178.81,-1.51,21.22,-20.35,38.0,62.7,93.61,49.82,83.66,64.27,90.0,90.0,-39.69,slap
-178.81,-1.51,21.22,-20.35,38.0,62.7,93.61,49.82,83.66,64.27,90.0,95.63,-39.69,slap
180.0,-2.16,138.37,116.57,27.03,180.0,110.32,96.34,90.0,66.67,79.7,103.82,-71.2,slap
180.0,0.0,105.33,49.4,35.64,-19.23,96.86,100.89,90.0,69.39,110.06,91.47,-50.31,slap
